word,group,difference,cohens_d,template_1_difference,template_2_difference,bootstrap_sign_rate,median_termination_probability,top20_coverage_min,selected,failed_checks,dev_ci_low,dev_ci_high
accrued,H,2.6083882156183327,1.1347376492809202,3.5283080285459953,1.6884684026906691,1.0,0.9821087247513368,0.0,False,top20_coverage,1.7689998604936137,3.4837738669328537
accurate,H,2.5843210125232785,1.0654375700062042,3.5219524175958044,1.6466896074507542,1.0,0.9976619941311065,0.8,True,,1.7616804029811637,3.47967519074938
trusting,H,2.334335726667802,1.097419053144258,3.2334625423886747,1.4352089109469317,1.0,0.9919737299233764,0.025,True,,1.5973302602125017,3.148703302926642
consensual,H,2.3171060493590403,1.513832780625555,2.8542034731419967,1.780008625576084,1.0,0.9872119206356638,0.0,False,top20_coverage,1.6079365607329494,3.054530650404998
mixed,H,2.310263667777424,1.0040981981968398,2.925391429834826,1.6951359057200222,1.0,0.9930615793880536,0.2875,True,,1.201698568351659,3.399192238989436
consistent,H,2.244767022933291,1.4954030398522251,2.898292525001722,1.5912415208648594,1.0,0.9960478356563504,0.9625,True,,1.598613141161198,2.9687024649510025
trusty,H,2.2325326793898563,1.2066021867273748,2.9559666957195647,1.5090986630601475,1.0,0.9916184391760792,0.0,False,top20_coverage,1.5142989199515826,2.9733795557114857
conservative,H,2.1426645470311687,1.2232733766528432,2.6777466014036237,1.6075824926587146,1.0,0.9977917605421583,0.0625,True,,1.433681644829385,2.889791011950373
reliable,H,2.036530006033503,1.4199048563449863,2.4161770112557983,1.6568830008112083,1.0,0.9982111301549308,1.0,True,,1.4016544012327572,2.686106608113646
accusative,H,1.9832100831628017,0.8697523929238438,2.7930706736029625,1.17334949272264,1.0,0.9783976733145242,0.0,False,top20_coverage,1.3189535031748645,2.72443763370275
unlucky,H,1.930375742627429,0.771385005706229,2.4429684950815904,1.417782990173268,1.0,0.998599055840988,0.0625,True,,0.7887920220778134,3.2371830089017894
relevant,H,1.896552400323097,1.5097592119246366,2.787878294028814,1.005226506617379,1.0,0.9930761214554704,0.0,False,top20_coverage,1.3388566599111895,2.4534556611396776
reproducible,H,1.8921306859015132,1.642002588680176,2.7562110504903723,1.0280503213126553,1.0,0.9944042241730476,0.0,False,top20_coverage,1.3627585404689524,2.4509743984436145
accidental,H,1.8494473500415236,0.8733576234906533,2.664125164180225,1.0347695359028226,1.0,0.995037637080232,0.0,False,top20_coverage,1.0942016208425125,2.610102711588981
helpful,H,1.8383135256837175,0.7257222657361682,2.8395962459281714,0.8370308054392634,1.0,0.9984632498989908,0.425,True,,1.1164231756135872,2.560119798235403
reputable,H,1.8133512584470064,1.5233246073397166,2.705888906699733,0.9208136101942792,1.0,0.9960765631684948,0.0,False,top20_coverage,1.3014291867144354,2.3628428070654675
trustworthy,H,1.7585448411862914,1.2737640238328192,2.455119521041399,1.0619701613311832,1.0,0.9974197034940072,0.5,True,,1.2142612854956605,2.3315121580903204
receptive,H,1.5092280173462802,1.217806615203822,2.305825157546642,0.712630877145918,1.0,0.995387009108706,0.0,False,top20_coverage,1.002317667527573,2.053318824530604
recurring,H,1.384637362027972,1.3994214331382029,2.0782171714301474,0.6910575526257967,1.0,0.9928685556617174,0.0,False,top20_coverage,1.013479099404606,1.7842482092498555
accusatory,H,1.3626400389079905,0.8161772245844109,1.9683809341319016,0.7568991436840791,1.0,0.9852611074234772,0.0,False,top20_coverage,0.8323499440669221,1.9521336625730683
revealing,H,1.285170229986189,1.115059971661048,2.0036446966937627,0.5666957632786145,1.0,0.9928821989536734,0.0,False,top20_coverage,0.8049757697701466,1.783859036653227
unfortunate,H,1.2454263561675056,0.7081732231332821,1.809780001890709,0.6810727104443011,0.996,0.9969064721592068,0.0125,False,top20_coverage,0.4031483368191408,2.132879423608034
recurrent,H,1.1672240501140467,1.175061356653276,1.3994763427072516,0.9349717575208418,1.0,0.9838520786938776,0.0,False,top20_coverage,0.7936035570149075,1.5752964613279374
relaxed,H,1.1422792175325558,0.950257794096062,1.4035375214600463,0.8810209136050654,1.0,0.9965680604034236,0.0,False,top20_coverage,0.6240121692201505,1.628274517771162
infallible,H,1.1402103178030814,0.7519476234204575,1.2215358014378537,1.05888483416831,1.0,0.9931058479982506,0.0,False,top20_coverage,0.6625129698358097,1.6663504832021538
lucky,H,1.1033708471212498,0.600129266320483,2.3177095072799476,-0.1109678130374481,0.9985,0.9974616014179138,0.0375,False,cross_template_sign,0.3741304748621022,1.854622235356454
honest,H,1.0521154502549377,0.5246150371977687,1.5107732598468593,0.5934576406630162,1.0,0.9973307509850584,0.7625,True,,0.4314674595682205,1.768499478418695
reliant,H,1.0491149026469926,1.0086948144403634,1.392985344998608,0.7052444602953772,1.0,0.9924081612102928,0.0125,False,top20_coverage,0.6675820498221146,1.4690143808303062
unbiased,H,0.9667183987284484,0.8086062237211044,1.547859316051857,0.3855774814050396,0.9975,0.9974312906981572,0.0,False,top20_coverage,0.3556845463141124,1.5088372989845658
repetitive,H,0.9455229124870286,0.994879713817349,1.4184248201047038,0.4726210048693534,1.0,0.9974879347653224,0.0,False,top20_coverage,0.6287071525977962,1.2993245850882298
reluctant,H,0.8319169442584045,0.8695812355087866,0.8354916225789772,0.8283422659378312,0.999,0.9938609075039178,0.6125,True,,0.3345256781439402,1.267364791424898
helpless,H,0.815886364943637,0.4020049215519402,1.1221926603509864,0.5095800695362875,0.9995,0.9978731106558998,0.0,False,top20_coverage,0.3240772886874983,1.3292623943412578
truthful,H,0.7706076145255405,0.4495613055861261,1.1866500146126693,0.3545652144384118,0.9995,0.9968229273200576,0.8,True,,0.2977694201035409,1.2868251664515549
distracted,H,0.7120031453621739,0.4858275729612176,1.1484726977441393,0.2755335929802084,1.0,0.996337422019876,0.0,False,top20_coverage,0.4106891995738778,1.082865663962164
biased,H,0.6575277895350945,0.4518013593215134,0.8442899694573548,0.4707656096128342,0.9865,0.9982646547604094,0.4625,True,,0.0964414756811925,1.1940137809720284
unlabeled,H,0.6565238438433141,0.3871921081392017,0.4591036708800677,0.8539440168065605,0.9725,0.9662370334598114,0.0,False,top20_coverage,-0.0216658210546607,1.412993373900242
tricky,H,0.5926381031565695,0.4478935975779939,0.9952550777481266,0.1900211285650126,0.9675,0.9990071246785416,0.925,True,,-0.0273433961545652,1.1195481197336483
trickiest,H,0.5548985250133569,0.3788596443868797,0.825522317400943,0.2842747326257708,0.981,0.9943835439728328,0.0,False,top20_coverage,0.0274812049988034,1.0184103104222688
in,H,0.5063032158182761,0.7688909225452643,0.6483419466227696,0.3642644850137826,1.0,5.443023838927448e-07,0.0,False,complete_termination;top20_coverage,0.2910433854717302,0.7147118769640652
successful,H,0.4963275311174652,0.4247481622843054,1.006402377268974,-0.0137473150340431,0.9915,0.9977946214178692,0.0,False,cross_template_sign;top20_coverage,0.0725966051517843,0.931449840304762
trickier,H,0.4943829528003942,0.3506991648288731,0.7803078826620322,0.2084580229387562,0.974,0.9889719003124816,0.0,False,top20_coverage,-0.003273545560326,0.9332341830949906
unprofitable,H,0.4687087133436767,0.2976344359345484,0.7854237971016477,0.151993629585706,0.895,0.9983967706578818,0.0,False,effect_size;bootstrap_stability;top20_coverage,-0.3294262577198066,1.1908767207844408
unpredictable,H,0.3932591053812559,0.2227235832280598,0.8865122344584236,-0.0999940236959118,0.799,0.9995844121847768,0.85,False,cross_template_sign;effect_size;bootstrap_stability,-0.704281220398444,1.3162101023778852
under,H,0.3611794612558848,0.4099566767977201,0.3728479197631685,0.349511002748601,0.99,0.0012298267052463,0.0,False,complete_termination;top20_coverage,0.057773546214826,0.6137861986706944
unhelpful,H,0.35525903796095,0.1758752096788595,0.8658757279918792,-0.1553576520699791,0.873,0.9993421642749932,0.0125,False,cross_template_sign;effect_size;bootstrap_stability;top20_coverage,-0.3360217441267752,0.9780682215730268
unsuccessful,H,0.3434569275517162,0.2271645042654796,0.6095791166512554,0.077334738452177,0.8545,0.9981774033966972,0.0,False,effect_size;bootstrap_stability;top20_coverage,-0.3467262742206258,0.991886784072162
inconclusive,H,0.3164204319311504,0.3169141646605427,0.3372842056470985,0.2955566582152024,0.8945,0.9913708048382794,0.0875,False,bootstrap_stability,-0.2081579060039073,0.7787605076617463
inconsequential,H,0.3101158457515511,0.3489727109559394,0.3799002555091745,0.2403314359939277,0.9215,0.9946856461297678,0.0,False,top20_coverage,-0.1564951141607234,0.6876080331284573
influential,H,0.2693080967545667,0.2743292828349615,0.5720641664486432,-0.0334479729395098,0.881,0.9957677711604656,0.0,False,cross_template_sign;effect_size;bootstrap_stability;top20_coverage,-0.2274499350436286,0.6664671640410971
distrustful,H,0.2506610702101262,0.1867867247767951,0.6363601519843123,-0.1350380115640598,0.948,0.9978107987175951,0.0,False,cross_template_sign;effect_size;top20_coverage,-0.0583243295923988,0.5650664055723527
troublesome,H,0.2495332520414612,0.2192741436224792,0.2872917360990022,0.2117747679839202,0.877,0.9992582904449728,0.0,False,effect_size;bootstrap_stability;top20_coverage,-0.2034965126126545,0.6533506335379731
inflationary,H,0.2091719521628755,0.1218590847777712,0.1180310278300955,0.3003128764956556,0.772,0.992190180849094,0.0,False,effect_size;bootstrap_stability;top20_coverage,-0.5260809487057605,0.774122045032915
overconfident,H,0.1993334677320749,0.1074287227145553,0.0008161066947998,0.3978508287693499,0.757,0.9983032887773848,0.0125,False,effect_size;bootstrap_stability;top20_coverage,-0.4395975109923297,0.8180936574864909
volatile,H,0.1480656379395187,0.0983796952616338,0.2575429246596916,0.0385883512193459,0.673,0.9987346519643276,0.15,False,effect_size;bootstrap_stability,-0.7171703842561555,0.9224584942915928
incompetent,H,0.1294999392233034,0.0830405949197879,0.1474850698937499,0.1115148085528569,0.747,0.9979511406371188,0.0,False,effect_size;bootstrap_stability;top20_coverage,-0.3169543393256588,0.5380082030203387
inexact,H,0.118914571677821,0.0850302332156842,-0.0566285887856476,0.2944577321412898,0.7445,0.9985388851120888,0.0,False,cross_template_sign;effect_size;bootstrap_stability;top20_coverage,-0.3363366129017194,0.5252012875987566
inattentive,H,0.0822009216950391,0.0394834894743745,0.2558331048396685,-0.0914312614495901,0.677,0.9981677881196428,0.0,False,cross_template_sign;effect_size;bootstrap_stability;top20_coverage,-0.427978593875416,0.5300405370358111
inconsolable,H,0.0315611259102603,0.0244909323655791,-0.1222669796775621,0.1853892314980828,0.6195,0.9811474949950562,0.0,False,cross_template_sign;effect_size;bootstrap_stability;top20_coverage,-0.629879810266026,0.5643936389347669
winning,L,-0.0160928331313483,-0.0110433699065193,0.4462559885693646,-0.4784416548320613,0.467,0.9936955886987971,0.0,False,cross_template_sign;effect_size;bootstrap_stability;top20_coverage,-0.588579092120027,0.5037807576608881
reckless,L,-0.0235210606554951,-0.0263309765503947,0.2480946515019968,-0.2951367728129871,0.517,0.998854532217324,0.0,False,cross_template_sign;effect_size;bootstrap_stability;top20_coverage,-0.3245696702503324,0.2163805427667132
over,L,-0.0396166677821821,-0.0564059766433131,-0.1414429756405159,0.0622096400761515,0.608,0.0008120331219168,0.0,False,cross_template_sign;effect_size;bootstrap_stability;complete_termination;top20_coverage,-0.2947473075417602,0.2069569981842539
inconvenient,L,-0.0553857736448467,-0.0540173666906245,0.0144005098760171,-0.1251720571657107,0.509,0.9814779028404704,0.0,False,cross_template_sign;effect_size;bootstrap_stability;top20_coverage,-0.6687435334572374,0.4073692333177468
inflated,L,-0.1016057055092097,-0.082150875562329,-0.1592318566914747,-0.0439795543269448,0.5905,0.9956926411500662,0.0,False,effect_size;bootstrap_stability;top20_coverage,-0.718079629560116,0.3520831688787288
capricious,L,-0.1802499600779246,-0.1104324816232854,-0.330176643039087,-0.0303232771167622,0.603,0.9993818305745988,0.4,False,effect_size;bootstrap_stability,-1.180160595040617,0.6406273031731892
incongruous,L,-0.2618542364725419,-0.2496596245785939,-0.3417840153473619,-0.181924457597722,0.816,0.9986167258977348,0.0,False,effect_size;bootstrap_stability;top20_coverage,-0.8816020406116657,0.1769570159568419
erratic,L,-0.2630833772305062,-0.1520052454852148,-0.183990891448303,-0.3421758630127093,0.7195,0.9992684990898985,0.275,False,effect_size;bootstrap_stability,-1.0598748733798278,0.5083443934623074
relentless,L,-0.3089074571839724,-0.3716267517267358,-0.4580713202438826,-0.1597435941240621,0.9565,0.9962800277438528,0.1375,True,,-0.7584338279869823,0.0337586190171823
incongruent,L,-0.3617639953405749,-0.2800970363715617,-0.3880620056664371,-0.3354659850147127,0.895,0.9983681789064394,0.0,False,effect_size;bootstrap_stability;top20_coverage,-1.022016191344986,0.1207577521135247
inaccurate,L,-0.4094735451839488,-0.2463919027912297,-0.5590808528560391,-0.2598662375118585,0.9525,0.9993578165380056,0.975,False,effect_size,-1.0343940110415597,0.0398055152468671
uninformed,L,-0.4978485168101921,-0.4040101344080572,-0.13372026704634,-0.8619767665740443,0.9865,0.9982048439807136,0.0,False,top20_coverage,-1.039792793343924,-0.0418816535766226
misleading,L,-0.5814482437231213,-0.3278167760362199,-0.7913538366305656,-0.3715426508156773,0.9255,0.9987572763846484,0.95,True,,-1.4654986308274982,0.153136831849513
mischievous,L,-0.6054532895242261,-0.4029571902929075,-0.7937076066756461,-0.4171989723728059,0.9885,0.9989742146147088,0.0,False,top20_coverage,-1.3410238948730888,-0.0348200269176104
dishonorable,L,-0.6205761899741222,-0.4877749263701555,-0.4940869167811703,-0.7470654631670742,0.9995,0.998101566277904,0.0,False,top20_coverage,-1.1486031819357412,-0.1839964330077071
li,L,-0.656707537965848,-0.5460205181682234,-0.649734168422069,-0.663680907509627,1.0,0.0001585668048395,0.0,False,complete_termination;top20_coverage,-1.0577626755572334,-0.2620652299245904
inconsistent,L,-0.7869876063542859,-0.5793102385661585,-0.8358129569148962,-0.7381622557936757,1.0,0.9988575918277784,1.0,True,,-1.5518814782662664,-0.2187589535903409
uninhibited,L,-0.8418793883926023,-0.8452619745428198,-0.4210256487307428,-1.2627331280544618,1.0,0.9959149054484536,0.0,False,top20_coverage,-1.4608308238817422,-0.3847347786201675
untrustworthy,L,-0.8813651399660121,-0.5168113837952673,-0.8133723818652125,-0.9493578980668111,0.9995,0.9996138799095802,0.75,True,,-1.6883754325170583,-0.2595300795670952
erroneous,L,-0.9124985700417186,-0.4045520553670195,-1.103893967610523,-0.721103172472914,1.0,0.9992028632225832,0.0125,False,top20_coverage,-1.3399152665044136,-0.5085564724897944
incorrect,L,-0.9128263113048142,-0.5917216906667343,-0.9277788982787668,-0.8978737243308614,1.0,0.9964158367865934,0.325,True,,-1.3299778854344333,-0.5607440975704528
unreliable,L,-0.9307745186474192,-0.6711972801237024,-1.0604005440462585,-0.8011484932485802,1.0,0.9997087882881326,1.0,True,,-1.7279461539664258,-0.3409538187757128
dishonest,L,-0.9680960732093464,-0.5067039139010832,-0.8747425205253221,-1.06144962589337,1.0,0.9989442803495844,0.4875,True,,-1.5700315718351394,-0.451863813265539
deceptive,L,-1.3295590351574893,-0.637075490599078,-1.48397047843233,-1.1751475918826488,1.0,0.9991141624364396,0.825,True,,-2.1979338200456935,-0.5948301609899874
deceitful,L,-1.4387541047017114,-0.7190519947957722,-1.670769710248851,-1.2067384991545715,1.0,0.99942468426684,0.05,True,,-2.2713358194906643,-0.7167974254761442
untruthful,L,-1.4978305502922915,-0.6072448586005488,-1.509550745099921,-1.4861103554846629,1.0,0.9995029217965312,0.1125,True,,-2.2984294756944705,-0.8033980030784993
disingenuous,L,-1.6709777777851478,-0.7457225315719396,-1.5751263078198807,-1.7668292477504153,1.0,0.999364771066826,0.05,True,,-2.5355497982909387,-0.9365852289060648
