word,eligible,adjective_synsets,all_pos,exclusion
acc,False,,n,no_adjective_or_satellite_synset
accidental,True,accidental.s.01,n;s,
accrued,True,accrued.s.01,s;v,
accruing,False,,v,no_adjective_or_satellite_synset
accu,False,,,no_adjective_or_satellite_synset
accurate,True,accurate.a.01;accurate.s.01,a;s,
accusative,True,accusative.s.01;objective.a.02,a;n;s,
accusatory,True,accusative.s.01,s,
biased,True,biased.s.01,s;v,
cap,False,,n;v,no_adjective_or_satellite_synset
capricious,True,capricious.s.01;capricious.s.02,s,
capricorn,False,,n,no_adjective_or_satellite_synset
cons,False,,n;v,no_adjective_or_satellite_synset
consensual,True,consensual.s.01,s,
conservative,True,conservative.a.01;conservative.s.01;cautious.s.01;button-down.s.01;bourgeois.s.02,a;n;s,
consist,False,,v,no_adjective_or_satellite_synset
consistant,False,,,no_adjective_or_satellite_synset
consistency,False,,n,no_adjective_or_satellite_synset
consistent,True,consistent.a.01;reproducible.a.01;coherent.a.01;consistent.s.01,a;s,
consistently,False,,r,no_adjective_or_satellite_synset
consisting,False,,v,no_adjective_or_satellite_synset
de,False,,n,no_adjective_or_satellite_synset
deceit,False,,n,no_adjective_or_satellite_synset
deceitful,True,deceitful.s.01;ambidextrous.s.01,s,
deceiving,False,,v,no_adjective_or_satellite_synset
deception,False,,n,no_adjective_or_satellite_synset
deceptive,True,deceptive.s.01;deceptive.s.02,s,
deceptively,False,,r,no_adjective_or_satellite_synset
dish,False,,n;v,no_adjective_or_satellite_synset
dishonest,True,dishonest.a.01;corruptible.s.01,a;s,
dishonesty,False,,n,no_adjective_or_satellite_synset
dishonorable,True,dishonorable.a.01;dishonest.a.01,a,
dishwasher,False,,n,no_adjective_or_satellite_synset
disingenuous,True,disingenuous.a.01,a,
distract,False,,v,no_adjective_or_satellite_synset
distracted,True,distracted.s.01,s;v,
distracting,False,,v,no_adjective_or_satellite_synset
distrust,False,,n;v,no_adjective_or_satellite_synset
distrustful,True,distrustful.a.01,a,
distrusting,False,,v,no_adjective_or_satellite_synset
err,False,,v,no_adjective_or_satellite_synset
erratic,True,erratic.s.01;erratic.s.02;erratic.s.03,s,
erroneous,True,erroneous.s.01,s,
help,False,,n;v,no_adjective_or_satellite_synset
helpful,True,helpful.a.01,a,
helpless,True,helpless.s.01;helpless.s.02;helpless.s.03,s,
honest,True,honest.a.01;honest.s.01;dependable.s.01;honest.s.03;honest.s.04;good.s.17;honest.s.06,a;s,
honesty,False,,n,no_adjective_or_satellite_synset
in,True,in.s.01;in.s.02;in.s.03,n;r;s,
inaccuracies,False,,n,no_adjective_or_satellite_synset
inaccurate,True,inaccurate.a.01,a,
inaccurately,False,,r,no_adjective_or_satellite_synset
inattentive,True,inattentive.a.01;inattentive.s.01,a;s,
incentive,False,,n,no_adjective_or_satellite_synset
incentivized,False,,,no_adjective_or_satellite_synset
incompetent,True,incompetent.a.01;incompetent.a.02;bungling.s.01;incompetent.s.02;incapable.s.02,a;n;s,
inconclusive,True,inconclusive.a.01,a,
incongruent,True,incongruent.a.01,a,
incongruous,True,incongruous.a.01,a,
inconsequential,True,inconsequent.s.01;inconsequential.s.02,s,
inconsistencies,False,,n,no_adjective_or_satellite_synset
inconsistency,False,,n,no_adjective_or_satellite_synset
inconsistent,True,inconsistent.a.01;inconsistent.s.01;discrepant.s.02,a;s,
inconsistently,False,,r,no_adjective_or_satellite_synset
inconsolable,True,inconsolable.a.01,a,
inconvenient,True,inconvenient.a.01;inconvenient.s.01,a;s,
inconveniently,False,,r,no_adjective_or_satellite_synset
incorrect,True,incorrect.a.01;wrong.s.03;incorrect.s.02;faulty.s.02,a;s,
inexact,True,inexact.a.01,a,
infallible,True,infallible.a.01,a,
inflated,True,hyperbolic.s.01;high-flown.s.01,s;v,
inflating,False,,v,no_adjective_or_satellite_synset
inflationary,True,inflationary.a.01,a,
influential,True,influential.a.01,a,
li,True,fifty-one.s.01,n;s,
liar,False,,n,no_adjective_or_satellite_synset
liars,False,,n,no_adjective_or_satellite_synset
lied,False,,n;v,no_adjective_or_satellite_synset
lucky,True,lucky.s.01;lucky.a.02;golden.s.06,a;s,
lying,False,,n;v,no_adjective_or_satellite_synset
mis,False,,n,no_adjective_or_satellite_synset
misaligned,False,,v,no_adjective_or_satellite_synset
mischievous,True,arch.s.03;mischievous.s.02,s,
misleading,True,deceptive.s.02,s;v,
misleadingly,False,,r,no_adjective_or_satellite_synset
mixed,True,assorted.s.01;interracial.s.02,s;v,
over,True,complete.s.04,n;r;s,
overconfident,True,cocksure.s.01,s,
overestimate,False,,n;v,no_adjective_or_satellite_synset
overestimated,False,,v,no_adjective_or_satellite_synset
overestimating,False,,v,no_adjective_or_satellite_synset
overestimation,False,,n,no_adjective_or_satellite_synset
re,False,,n,no_adjective_or_satellite_synset
receptive,True,receptive.s.01;receptive.a.02;centripetal.s.02;receptive.s.03,a;s,
reck,False,,,no_adjective_or_satellite_synset
reckless,True,foolhardy.s.01;heedless.s.01,s,
recurrent,True,perennial.s.02,s,
recurring,True,recurring.s.01,s;v,
rel,False,,,no_adjective_or_satellite_synset
relatable,False,,,no_adjective_or_satellite_synset
relatively,False,,r,no_adjective_or_satellite_synset
relaxed,True,relaxed.a.01,a;v,
relent,False,,v,no_adjective_or_satellite_synset
relentless,True,grim.s.01;persistent.s.01,s,
relentlessly,False,,r,no_adjective_or_satellite_synset
relevant,True,relevant.a.01,a,
reli,False,,,no_adjective_or_satellite_synset
reliability,False,,n,no_adjective_or_satellite_synset
reliable,True,reliable.a.01;dependable.s.01;authentic.s.01,a;s,
reliably,False,,r,no_adjective_or_satellite_synset
reliant,True,reliant.s.01,s,
relied,False,,v,no_adjective_or_satellite_synset
reluctance,False,,n,no_adjective_or_satellite_synset
reluctant,True,loath.s.01;reluctant.s.02;reluctant.s.03,s,
reluctantly,False,,r,no_adjective_or_satellite_synset
repetitive,True,insistent.s.01;repetitive.a.02,a;s,
repro,False,,,no_adjective_or_satellite_synset
reproducible,True,reproducible.a.01,a,
reputable,True,reputable.a.01,a,
reputations,False,,n,no_adjective_or_satellite_synset
reve,False,,,no_adjective_or_satellite_synset
revealed,False,,v,no_adjective_or_satellite_synset
revealing,True,revealing.s.01;revealing.a.02,a;n;s;v,
reveals,False,,v,no_adjective_or_satellite_synset
successful,True,successful.a.01,a,
the,False,,,no_adjective_or_satellite_synset
tr,False,,,no_adjective_or_satellite_synset
trick,False,,n;v,no_adjective_or_satellite_synset
trickery,False,,n,no_adjective_or_satellite_synset
trickier,True,slippery.s.01;catchy.s.01;crafty.s.01,s,
trickiest,True,slippery.s.01;catchy.s.01;crafty.s.01,s,
trickster,False,,n,no_adjective_or_satellite_synset
tricksters,False,,n,no_adjective_or_satellite_synset
tricky,True,slippery.s.01;catchy.s.01;crafty.s.01,s,
troubles,False,,n;v,no_adjective_or_satellite_synset
troublesome,True,troublesome.s.01,s,
trust,False,,n;v,no_adjective_or_satellite_synset
trusting,True,trustful.a.01,a;v,
trustworthy,True,trustworthy.a.01;trustworthy.s.01,a;s,
trusty,True,trustworthy.a.01,a;n,
truth,False,,n,no_adjective_or_satellite_synset
truthful,True,truthful.a.01;truthful.s.01,a;s,
un,False,,n,no_adjective_or_satellite_synset
unbiased,True,indifferent.s.08;unbiased.s.02,s,
under,True,nether.s.03;under.s.02,r;s,
underestimating,False,,v,no_adjective_or_satellite_synset
underreporting,False,,,no_adjective_or_satellite_synset
unfortunate,True,unfortunate.a.01;inauspicious.a.01;unfortunate.s.01,a;n;s,
unhelpful,True,unhelpful.a.01,a,
uninformed,True,uninformed.a.01,a,
uninhibited,True,uninhibited.a.01,a,
unl,False,,,no_adjective_or_satellite_synset
unlabeled,True,unlabeled.a.01,a,
unluckiest,False,,,no_adjective_or_satellite_synset
unluckily,False,,r,no_adjective_or_satellite_synset
unlucky,True,unlucky.a.01;doomed.s.03,a;s,
unpredictable,True,unpredictable.a.01;unpredictable.s.01;irregular.s.01,a;s,
unpredictably,False,,r,no_adjective_or_satellite_synset
unprofitable,True,unprofitable.a.01,a,
unreliability,False,,n,no_adjective_or_satellite_synset
unreliable,True,undependable.s.01;unreliable.a.02;treacherous.s.01;unreliable.s.03,a;s,
unsuccessful,True,unsuccessful.a.01;abortive.s.01,a;s,
untrustworthy,True,untrustworthy.a.01,a,
untruth,False,,n,no_adjective_or_satellite_synset
untruthful,True,untruthful.a.01,a,
volatile,True,volatile.a.01;explosive.s.01;fickle.s.01;volatile.s.03,a;n;s,
win,False,,n;v,no_adjective_or_satellite_synset
winning,True,victorious.s.01;fetching.s.01,n;s;v,
