run_id,advisor_id,label,position,prediction
20,Participant B6J,1,history_feedback_end,0.6256856127374442
20,Participant E9H,1,history_feedback_end,0.29573607920275496
20,Participant M5X,0,history_feedback_end,0.3086820506963474
20,Participant U3D,0,history_feedback_end,0.5297922895652569
21,Participant B6J,1,history_feedback_end,0.2495637018316866
21,Participant E9H,1,history_feedback_end,0.6892246938125559
21,Participant M5X,0,history_feedback_end,0.2649573700723009
21,Participant U3D,0,history_feedback_end,0.19128064104491074
22,Participant B6J,1,history_feedback_end,0.5452383002308181
22,Participant E9H,1,history_feedback_end,0.5578786608354762
22,Participant M5X,0,history_feedback_end,0.22267964387936662
22,Participant U3D,0,history_feedback_end,0.25147762222305625
23,Participant B6J,0,history_feedback_end,0.3647870880728767
23,Participant E9H,1,history_feedback_end,0.3946278272028921
23,Participant M5X,0,history_feedback_end,0.6846569093526071
23,Participant U3D,1,history_feedback_end,0.6740329963696415
24,Participant B6J,0,history_feedback_end,0.28847125743166235
24,Participant E9H,0,history_feedback_end,0.3738325988044358
24,Participant M5X,1,history_feedback_end,0.7046061670243411
24,Participant U3D,1,history_feedback_end,0.5996004758680957
25,Participant B6J,0,history_feedback_end,0.19743866706975785
25,Participant E9H,0,history_feedback_end,0.21160856109426626
25,Participant M5X,1,history_feedback_end,0.6642843406412895
25,Participant U3D,1,history_feedback_end,0.6913578745398185
26,Participant B6J,1,history_feedback_end,0.5351486746671301
26,Participant E9H,0,history_feedback_end,0.18559484382091654
26,Participant M5X,0,history_feedback_end,0.15080651270706147
26,Participant U3D,1,history_feedback_end,0.6007940179075628
27,Participant B6J,0,history_feedback_end,0.26524996355165514
27,Participant E9H,0,history_feedback_end,0.30318838815731514
27,Participant M5X,1,history_feedback_end,0.6958229063836282
27,Participant U3D,1,history_feedback_end,0.6314522504030922
28,Participant B6J,0,history_feedback_end,0.24395853646595458
28,Participant E9H,0,history_feedback_end,0.6681039586601633
28,Participant M5X,1,history_feedback_end,0.6152630759912736
28,Participant U3D,1,history_feedback_end,0.5805636612689253
29,Participant B6J,0,history_feedback_end,0.6828222794993877
29,Participant E9H,1,history_feedback_end,0.5347902528631083
29,Participant M5X,0,history_feedback_end,0.333041178552893
29,Participant U3D,1,history_feedback_end,0.5903693768797731
20,Participant B6J,1,query_id,0.8382001435081954
20,Participant E9H,1,query_id,0.9736095962436435
20,Participant M5X,0,query_id,0.20487201620225867
20,Participant U3D,0,query_id,0.21415729978185483
21,Participant B6J,1,query_id,0.38792691141884494
21,Participant E9H,1,query_id,0.6572427320251005
21,Participant M5X,0,query_id,0.4924934975035427
21,Participant U3D,0,query_id,0.0024467111354117797
22,Participant B6J,1,query_id,0.9107858465205783
22,Participant E9H,1,query_id,0.6076305746820795
22,Participant M5X,0,query_id,0.1273314655743949
22,Participant U3D,0,query_id,0.47172376452398734
23,Participant B6J,0,query_id,0.025484914891558397
23,Participant E9H,1,query_id,0.22015487754922375
23,Participant M5X,0,query_id,0.2049169449833598
23,Participant U3D,1,query_id,0.23645381674512253
24,Participant B6J,0,query_id,0.10806977123767118
24,Participant E9H,0,query_id,0.03552731156829386
24,Participant M5X,1,query_id,0.8941450522392217
24,Participant U3D,1,query_id,0.9548543711091354
25,Participant B6J,0,query_id,0.06336623246969512
25,Participant E9H,0,query_id,0.2970604463259284
25,Participant M5X,1,query_id,0.8998031243332565
25,Participant U3D,1,query_id,0.9376553277021259
26,Participant B6J,1,query_id,0.6691747564490161
26,Participant E9H,0,query_id,0.7460944702140089
26,Participant M5X,0,query_id,0.04082466395710249
26,Participant U3D,1,query_id,0.18456428179483128
27,Participant B6J,0,query_id,0.0026099906968886067
27,Participant E9H,0,query_id,0.0014577467476780018
27,Participant M5X,1,query_id,0.8892310215924024
27,Participant U3D,1,query_id,0.5675521609548805
28,Participant B6J,0,query_id,0.9287181023162517
28,Participant E9H,0,query_id,0.5912783306411027
28,Participant M5X,1,query_id,0.6816711616341872
28,Participant U3D,1,query_id,0.7853879197442236
29,Participant B6J,0,query_id,0.7407933536454865
29,Participant E9H,1,query_id,0.8808337162945307
29,Participant M5X,0,query_id,0.8045631090753652
29,Participant U3D,1,query_id,0.9067328711637676
20,Participant B6J,1,query_id_template1_transfer,0.0019484691049160496
20,Participant E9H,1,query_id_template1_transfer,0.0012104510535337638
20,Participant M5X,0,query_id_template1_transfer,0.00024064551233604376
20,Participant U3D,0,query_id_template1_transfer,0.00014068763493832925
21,Participant B6J,1,query_id_template1_transfer,0.0020378262333159793
21,Participant E9H,1,query_id_template1_transfer,0.0017582713270001007
21,Participant M5X,0,query_id_template1_transfer,0.001326120935036264
21,Participant U3D,0,query_id_template1_transfer,0.0006090254728809597
22,Participant B6J,1,query_id_template1_transfer,0.002804293969594665
22,Participant E9H,1,query_id_template1_transfer,0.00015000409069030476
22,Participant M5X,0,query_id_template1_transfer,0.0003924046500628395
22,Participant U3D,0,query_id_template1_transfer,0.0012751006170834348
23,Participant B6J,0,query_id_template1_transfer,8.543135752028581e-05
23,Participant E9H,1,query_id_template1_transfer,7.488762630997216e-05
23,Participant M5X,0,query_id_template1_transfer,0.0003143539786664001
23,Participant U3D,1,query_id_template1_transfer,0.0011715260863652572
24,Participant B6J,0,query_id_template1_transfer,0.00024442526190222185
24,Participant E9H,0,query_id_template1_transfer,4.378010898051209e-05
24,Participant M5X,1,query_id_template1_transfer,0.0033927513369341024
24,Participant U3D,1,query_id_template1_transfer,0.010608055139721136
25,Participant B6J,0,query_id_template1_transfer,0.00023416299238158584
25,Participant E9H,0,query_id_template1_transfer,0.0001172858220853113
25,Participant M5X,1,query_id_template1_transfer,0.0018726785247404132
25,Participant U3D,1,query_id_template1_transfer,0.005244558733418646
26,Participant B6J,1,query_id_template1_transfer,0.001732864793307813
26,Participant E9H,0,query_id_template1_transfer,0.00022127740259288728
26,Participant M5X,0,query_id_template1_transfer,0.0004247374989508902
26,Participant U3D,1,query_id_template1_transfer,0.00210006593369778
27,Participant B6J,0,query_id_template1_transfer,2.3863449324871833e-05
27,Participant E9H,0,query_id_template1_transfer,1.2258717946336569e-05
27,Participant M5X,1,query_id_template1_transfer,0.007535796619327448
27,Participant U3D,1,query_id_template1_transfer,0.0017484692142721017
28,Participant B6J,0,query_id_template1_transfer,0.00026524152156891766
28,Participant E9H,0,query_id_template1_transfer,7.707748037899023e-05
28,Participant M5X,1,query_id_template1_transfer,0.0010138316112603793
28,Participant U3D,1,query_id_template1_transfer,0.0005676663332189582
29,Participant B6J,0,query_id_template1_transfer,0.0011482078210273922
29,Participant E9H,1,query_id_template1_transfer,0.0003153757753325428
29,Participant M5X,0,query_id_template1_transfer,0.0015224184649119787
29,Participant U3D,1,query_id_template1_transfer,0.007428287966565302
20,Participant B6J,1,query_end,0.6858722781481628
20,Participant E9H,1,query_end,0.7057083929391019
20,Participant M5X,0,query_end,0.21709359818091703
20,Participant U3D,0,query_end,0.214998259942128
21,Participant B6J,1,query_end,0.6233681953070631
21,Participant E9H,1,query_end,0.7544568001727585
21,Participant M5X,0,query_end,0.41771940813680164
21,Participant U3D,0,query_end,0.17394442737934757
22,Participant B6J,1,query_end,0.7599113806056561
22,Participant E9H,1,query_end,0.5286210875025236
22,Participant M5X,0,query_end,0.32481258168602517
22,Participant U3D,0,query_end,0.4006881349894955
23,Participant B6J,0,query_end,0.3309419765896659
23,Participant E9H,1,query_end,0.6368585784396162
23,Participant M5X,0,query_end,0.32831192152529975
23,Participant U3D,1,query_end,0.5564611616650568
24,Participant B6J,0,query_end,0.4407429077657738
24,Participant E9H,0,query_end,0.3068984876013469
24,Participant M5X,1,query_end,0.7415629195811168
24,Participant U3D,1,query_end,0.7214478894450693
25,Participant B6J,0,query_end,0.2658297588903074
25,Participant E9H,0,query_end,0.3863283975297372
25,Participant M5X,1,query_end,0.6917851217750841
25,Participant U3D,1,query_end,0.6439513021844879
26,Participant B6J,1,query_end,0.6861768267704671
26,Participant E9H,0,query_end,0.5752699687631817
26,Participant M5X,0,query_end,0.35860503121260673
26,Participant U3D,1,query_end,0.5995236271586628
27,Participant B6J,0,query_end,0.21994840851981431
27,Participant E9H,0,query_end,0.19632285814357384
27,Participant M5X,1,query_end,0.6415435641883223
27,Participant U3D,1,query_end,0.6390032599430541
28,Participant B6J,0,query_end,0.4161436398994679
28,Participant E9H,0,query_end,0.4724029579487475
28,Participant M5X,1,query_end,0.6775889140046115
28,Participant U3D,1,query_end,0.500212669295579
29,Participant B6J,0,query_end,0.537420237487011
29,Participant E9H,1,query_end,0.634863889068022
29,Participant M5X,0,query_end,0.46452561145698207
29,Participant U3D,1,query_end,0.6424795784001331
20,Participant B6J,1,query_end_template1_transfer,0.7370191463231505
20,Participant E9H,1,query_end_template1_transfer,0.7234294141841976
20,Participant M5X,0,query_end_template1_transfer,0.20384428271920219
20,Participant U3D,0,query_end_template1_transfer,0.18992800496071036
21,Participant B6J,1,query_end_template1_transfer,0.7798775771944875
21,Participant E9H,1,query_end_template1_transfer,0.8074613975763598
21,Participant M5X,0,query_end_template1_transfer,0.38316729635840435
21,Participant U3D,0,query_end_template1_transfer,0.14688452458487591
22,Participant B6J,1,query_end_template1_transfer,0.7759803150658389
22,Participant E9H,1,query_end_template1_transfer,0.5538061917526422
22,Participant M5X,0,query_end_template1_transfer,0.39355476496252395
22,Participant U3D,0,query_end_template1_transfer,0.43777213452563674
23,Participant B6J,0,query_end_template1_transfer,0.32167813901784414
23,Participant E9H,1,query_end_template1_transfer,0.7161460808890842
23,Participant M5X,0,query_end_template1_transfer,0.33039292957293215
23,Participant U3D,1,query_end_template1_transfer,0.557605123723218
24,Participant B6J,0,query_end_template1_transfer,0.39727660472604964
24,Participant E9H,0,query_end_template1_transfer,0.23292715586451856
24,Participant M5X,1,query_end_template1_transfer,0.6696419671312465
24,Participant U3D,1,query_end_template1_transfer,0.7793033487150238
25,Participant B6J,0,query_end_template1_transfer,0.2999276834587462
25,Participant E9H,0,query_end_template1_transfer,0.3944242355683174
25,Participant M5X,1,query_end_template1_transfer,0.7372259939671688
25,Participant U3D,1,query_end_template1_transfer,0.6980457501260353
26,Participant B6J,1,query_end_template1_transfer,0.7578721374226728
26,Participant E9H,0,query_end_template1_transfer,0.5762629377077282
26,Participant M5X,0,query_end_template1_transfer,0.32941196171695397
26,Participant U3D,1,query_end_template1_transfer,0.6008080266279193
27,Participant B6J,0,query_end_template1_transfer,0.19341865151144014
27,Participant E9H,0,query_end_template1_transfer,0.17507205268768977
27,Participant M5X,1,query_end_template1_transfer,0.6878051153685234
27,Participant U3D,1,query_end_template1_transfer,0.5538252020020737
28,Participant B6J,0,query_end_template1_transfer,0.4290092129290417
28,Participant E9H,0,query_end_template1_transfer,0.49421018441072784
28,Participant M5X,1,query_end_template1_transfer,0.6522568140834458
28,Participant U3D,1,query_end_template1_transfer,0.5163422988509504
29,Participant B6J,0,query_end_template1_transfer,0.52957749262754
29,Participant E9H,1,query_end_template1_transfer,0.6969863488916949
29,Participant M5X,0,query_end_template1_transfer,0.5325498508644655
29,Participant U3D,1,query_end_template1_transfer,0.7059480228590593
20,Participant B6J,1,metadata_basic,0.7193261548468807
20,Participant E9H,1,metadata_basic,0.3837717227662888
20,Participant M5X,0,metadata_basic,0.3133225407164417
20,Participant U3D,0,metadata_basic,0.5748065619253756
21,Participant B6J,1,metadata_basic,0.35536645773586795
21,Participant E9H,1,metadata_basic,0.5092285593770914
21,Participant M5X,0,metadata_basic,0.38488617498313293
21,Participant U3D,0,metadata_basic,0.3018705349626112
22,Participant B6J,1,metadata_basic,0.5151574930636672
22,Participant E9H,1,metadata_basic,0.5418255635020853
22,Participant M5X,0,metadata_basic,0.3313989869077191
22,Participant U3D,0,metadata_basic,0.5172061497998923
23,Participant B6J,0,metadata_basic,0.22946464321044271
23,Participant E9H,1,metadata_basic,0.3545303666035035
23,Participant M5X,0,metadata_basic,0.48557873440975396
23,Participant U3D,1,metadata_basic,0.6152299069042735
24,Participant B6J,0,metadata_basic,0.30604563618729286
24,Participant E9H,0,metadata_basic,0.32843661999079327
24,Participant M5X,1,metadata_basic,0.40747981070763284
24,Participant U3D,1,metadata_basic,0.594026691951372
25,Participant B6J,0,metadata_basic,0.22731106804408407
25,Participant E9H,0,metadata_basic,0.24031057206942982
25,Participant M5X,1,metadata_basic,0.47452631955837193
25,Participant U3D,1,metadata_basic,0.7334426223198776
26,Participant B6J,1,metadata_basic,0.4933687786967658
26,Participant E9H,0,metadata_basic,0.38611679607777283
26,Participant M5X,0,metadata_basic,0.26714728546616456
26,Participant U3D,1,metadata_basic,0.7530840332459626
27,Participant B6J,0,metadata_basic,0.27799924800224624
27,Participant E9H,0,metadata_basic,0.3679733292252368
27,Participant M5X,1,metadata_basic,0.4281596072829934
27,Participant U3D,1,metadata_basic,0.5521323954846927
28,Participant B6J,0,metadata_basic,0.38663769163094996
28,Participant E9H,0,metadata_basic,0.5410501116715568
28,Participant M5X,1,metadata_basic,0.4688566955880146
28,Participant U3D,1,metadata_basic,0.6113621240347301
29,Participant B6J,0,metadata_basic,0.6562338915609267
29,Participant E9H,1,metadata_basic,0.5149718682418541
29,Participant M5X,0,metadata_basic,0.37465797291119746
29,Participant U3D,1,metadata_basic,0.5982241453333226
20,Participant B6J,1,metadata_recent4,0.8656503542225501
20,Participant E9H,1,metadata_recent4,0.8939413607048545
20,Participant M5X,0,metadata_recent4,0.11427214030995986
20,Participant U3D,0,metadata_recent4,0.5180806846185151
21,Participant B6J,1,metadata_recent4,0.9071586446220908
21,Participant E9H,1,metadata_recent4,0.9650860995480108
21,Participant M5X,0,metadata_recent4,0.020908032856715702
21,Participant U3D,0,metadata_recent4,0.032724601722929715
22,Participant B6J,1,metadata_recent4,0.8068574756902953
22,Participant E9H,1,metadata_recent4,0.7981191721829749
22,Participant M5X,0,metadata_recent4,0.12676436551057316
22,Participant U3D,0,metadata_recent4,0.05696640232235809
23,Participant B6J,0,metadata_recent4,0.014441310131302235
23,Participant E9H,1,metadata_recent4,0.5367978004637586
23,Participant M5X,0,metadata_recent4,0.055514178748234305
23,Participant U3D,1,metadata_recent4,0.9852111796383268
24,Participant B6J,0,metadata_recent4,0.412309898778489
24,Participant E9H,0,metadata_recent4,0.10706110672942237
24,Participant M5X,1,metadata_recent4,0.7002328820210459
24,Participant U3D,1,metadata_recent4,0.47782428428171236
25,Participant B6J,0,metadata_recent4,0.10223269700050724
25,Participant E9H,0,metadata_recent4,0.09677581575943801
25,Participant M5X,1,metadata_recent4,0.9615828320084291
25,Participant U3D,1,metadata_recent4,0.990976997066255
26,Participant B6J,1,metadata_recent4,0.8010587329463396
26,Participant E9H,0,metadata_recent4,0.022334603905229265
26,Participant M5X,0,metadata_recent4,0.8495588960160716
26,Participant U3D,1,metadata_recent4,0.9910640876456299
27,Participant B6J,0,metadata_recent4,0.0924255239922618
27,Participant E9H,0,metadata_recent4,0.12181586657829373
27,Participant M5X,1,metadata_recent4,0.725036363748445
27,Participant U3D,1,metadata_recent4,0.9816424565389417
28,Participant B6J,0,metadata_recent4,0.025147215441002915
28,Participant E9H,0,metadata_recent4,0.8006382575678592
28,Participant M5X,1,metadata_recent4,0.9611601288831437
28,Participant U3D,1,metadata_recent4,0.9861507200640146
29,Participant B6J,0,metadata_recent4,0.10824739829643718
29,Participant E9H,1,metadata_recent4,0.7970371391871133
29,Participant M5X,0,metadata_recent4,0.021376879994180354
29,Participant U3D,1,metadata_recent4,0.9859570760530073
