layer,C,stage,development_auc
0,0.0001,coarse,0.630625
0,0.001,coarse,0.6649999999999999
0,0.01,coarse,0.64375
0,0.1,coarse,0.6062500000000001
0,1.0,coarse,0.59125
0,10.0,coarse,0.583125
8,0.0001,coarse,0.59
8,0.001,coarse,0.6287499999999999
8,0.01,coarse,0.5974999999999999
8,0.1,coarse,0.57375
8,1.0,coarse,0.5656249999999999
8,10.0,coarse,0.56375
16,0.0001,coarse,0.625
16,0.001,coarse,0.63
16,0.01,coarse,0.605
16,0.1,coarse,0.58625
16,1.0,coarse,0.5762499999999999
16,10.0,coarse,0.571875
24,0.0001,coarse,0.565625
24,0.001,coarse,0.5974999999999999
24,0.01,coarse,0.5625
24,0.1,coarse,0.5562499999999999
24,1.0,coarse,0.5487500000000001
24,10.0,coarse,0.5449999999999999
32,0.0001,coarse,0.5531250000000001
32,0.001,coarse,0.564375
32,0.01,coarse,0.534375
32,0.1,coarse,0.5325000000000001
32,1.0,coarse,0.524375
32,10.0,coarse,0.525
40,0.0001,coarse,0.569375
40,0.001,coarse,0.5949999999999999
40,0.01,coarse,0.59
40,0.1,coarse,0.59125
40,1.0,coarse,0.585625
40,10.0,coarse,0.584375
48,0.0001,coarse,0.563125
48,0.001,coarse,0.5931250000000001
48,0.01,coarse,0.5806250000000001
48,0.1,coarse,0.5750000000000001
48,1.0,coarse,0.570625
48,10.0,coarse,0.566875
56,0.0001,coarse,0.520625
56,0.001,coarse,0.549375
56,0.01,coarse,0.56625
56,0.1,coarse,0.573125
56,1.0,coarse,0.578125
56,10.0,coarse,0.579375
63,0.0001,coarse,0.476875
63,0.001,coarse,0.506875
63,0.01,coarse,0.51125
63,0.1,coarse,0.515625
63,1.0,coarse,0.5125
63,10.0,coarse,0.5125
0,0.0001,fine,0.630625
0,0.001,fine,0.6649999999999999
0,0.01,fine,0.64375
0,0.1,fine,0.6062500000000001
0,1.0,fine,0.59125
0,10.0,fine,0.583125
1,0.0001,fine,0.633125
1,0.001,fine,0.6587500000000001
1,0.01,fine,0.6575000000000001
1,0.1,fine,0.625625
1,1.0,fine,0.616875
1,10.0,fine,0.6143749999999999
2,0.0001,fine,0.608125
2,0.001,fine,0.634375
2,0.01,fine,0.6518750000000001
2,0.1,fine,0.641875
2,1.0,fine,0.651875
2,10.0,fine,0.6487499999999999
3,0.0001,fine,0.6087499999999999
3,0.001,fine,0.63375
3,0.01,fine,0.6175
3,0.1,fine,0.5875
3,1.0,fine,0.59375
3,10.0,fine,0.5912499999999999
