run_id,advisor_id,label,position,prediction,last_feedback_truthful
20,Participant B6J,1,history_feedback_end,0.6256856127374442,1
20,Participant E9H,1,history_feedback_end,0.2957360792027549,0
20,Participant M5X,0,history_feedback_end,0.3086820506963474,0
20,Participant U3D,0,history_feedback_end,0.5297922895652569,1
21,Participant B6J,1,history_feedback_end,0.2495637018316866,0
21,Participant E9H,1,history_feedback_end,0.6892246938125559,1
21,Participant M5X,0,history_feedback_end,0.2649573700723009,0
21,Participant U3D,0,history_feedback_end,0.1912806410449107,0
22,Participant B6J,1,history_feedback_end,0.5452383002308181,1
22,Participant E9H,1,history_feedback_end,0.5578786608354762,1
22,Participant M5X,0,history_feedback_end,0.2226796438793666,0
22,Participant U3D,0,history_feedback_end,0.2514776222230562,0
23,Participant B6J,0,history_feedback_end,0.3647870880728767,0
23,Participant E9H,1,history_feedback_end,0.3946278272028921,0
23,Participant M5X,0,history_feedback_end,0.6846569093526071,1
23,Participant U3D,1,history_feedback_end,0.6740329963696415,1
24,Participant B6J,0,history_feedback_end,0.2884712574316623,0
24,Participant E9H,0,history_feedback_end,0.3738325988044358,0
24,Participant M5X,1,history_feedback_end,0.7046061670243411,1
24,Participant U3D,1,history_feedback_end,0.5996004758680957,1
25,Participant B6J,0,history_feedback_end,0.1974386670697578,0
25,Participant E9H,0,history_feedback_end,0.2116085610942662,0
25,Participant M5X,1,history_feedback_end,0.6642843406412895,1
25,Participant U3D,1,history_feedback_end,0.6913578745398185,1
26,Participant B6J,1,history_feedback_end,0.5351486746671301,1
26,Participant E9H,0,history_feedback_end,0.1855948438209165,0
26,Participant M5X,0,history_feedback_end,0.1508065127070614,0
26,Participant U3D,1,history_feedback_end,0.6007940179075628,1
27,Participant B6J,0,history_feedback_end,0.2652499635516551,0
27,Participant E9H,0,history_feedback_end,0.3031883881573151,0
27,Participant M5X,1,history_feedback_end,0.6958229063836282,1
27,Participant U3D,1,history_feedback_end,0.6314522504030922,1
28,Participant B6J,0,history_feedback_end,0.2439585364659545,0
28,Participant E9H,0,history_feedback_end,0.6681039586601633,1
28,Participant M5X,1,history_feedback_end,0.6152630759912736,1
28,Participant U3D,1,history_feedback_end,0.5805636612689253,1
29,Participant B6J,0,history_feedback_end,0.6828222794993877,1
29,Participant E9H,1,history_feedback_end,0.5347902528631083,1
29,Participant M5X,0,history_feedback_end,0.333041178552893,0
29,Participant U3D,1,history_feedback_end,0.5903693768797731,1
20,Participant B6J,1,query_id,0.8382001435081954,1
20,Participant E9H,1,query_id,0.9736095962436436,0
20,Participant M5X,0,query_id,0.2048720162022586,0
20,Participant U3D,0,query_id,0.2141572997818548,1
21,Participant B6J,1,query_id,0.3879269114188449,0
21,Participant E9H,1,query_id,0.6572427320251005,1
21,Participant M5X,0,query_id,0.4924934975035427,0
21,Participant U3D,0,query_id,0.0024467111354117,0
22,Participant B6J,1,query_id,0.9107858465205784,1
22,Participant E9H,1,query_id,0.6076305746820795,1
22,Participant M5X,0,query_id,0.1273314655743949,0
22,Participant U3D,0,query_id,0.4717237645239873,0
23,Participant B6J,0,query_id,0.0254849148915583,0
23,Participant E9H,1,query_id,0.2201548775492237,0
23,Participant M5X,0,query_id,0.2049169449833598,1
23,Participant U3D,1,query_id,0.2364538167451225,1
24,Participant B6J,0,query_id,0.1080697712376711,0
24,Participant E9H,0,query_id,0.0355273115682938,0
24,Participant M5X,1,query_id,0.8941450522392217,1
24,Participant U3D,1,query_id,0.9548543711091354,1
25,Participant B6J,0,query_id,0.0633662324696951,0
25,Participant E9H,0,query_id,0.2970604463259284,0
25,Participant M5X,1,query_id,0.8998031243332565,1
25,Participant U3D,1,query_id,0.937655327702126,1
26,Participant B6J,1,query_id,0.6691747564490161,1
26,Participant E9H,0,query_id,0.7460944702140089,0
26,Participant M5X,0,query_id,0.0408246639571024,0
26,Participant U3D,1,query_id,0.1845642817948312,1
27,Participant B6J,0,query_id,0.0026099906968886,0
27,Participant E9H,0,query_id,0.001457746747678,0
27,Participant M5X,1,query_id,0.8892310215924024,1
27,Participant U3D,1,query_id,0.5675521609548805,1
28,Participant B6J,0,query_id,0.9287181023162516,0
28,Participant E9H,0,query_id,0.5912783306411027,1
28,Participant M5X,1,query_id,0.6816711616341872,1
28,Participant U3D,1,query_id,0.7853879197442236,1
29,Participant B6J,0,query_id,0.7407933536454865,1
29,Participant E9H,1,query_id,0.8808337162945307,1
29,Participant M5X,0,query_id,0.8045631090753652,0
29,Participant U3D,1,query_id,0.9067328711637676,1
20,Participant B6J,1,query_end,0.6858722781481628,1
20,Participant E9H,1,query_end,0.7057083929391019,0
20,Participant M5X,0,query_end,0.217093598180917,0
20,Participant U3D,0,query_end,0.214998259942128,1
21,Participant B6J,1,query_end,0.6233681953070631,0
21,Participant E9H,1,query_end,0.7544568001727585,1
21,Participant M5X,0,query_end,0.4177194081368016,0
21,Participant U3D,0,query_end,0.1739444273793475,0
22,Participant B6J,1,query_end,0.7599113806056561,1
22,Participant E9H,1,query_end,0.5286210875025236,1
22,Participant M5X,0,query_end,0.3248125816860251,0
22,Participant U3D,0,query_end,0.4006881349894955,0
23,Participant B6J,0,query_end,0.3309419765896659,0
23,Participant E9H,1,query_end,0.6368585784396162,0
23,Participant M5X,0,query_end,0.3283119215252997,1
23,Participant U3D,1,query_end,0.5564611616650568,1
24,Participant B6J,0,query_end,0.4407429077657738,0
24,Participant E9H,0,query_end,0.3068984876013469,0
24,Participant M5X,1,query_end,0.7415629195811168,1
24,Participant U3D,1,query_end,0.7214478894450693,1
25,Participant B6J,0,query_end,0.2658297588903074,0
25,Participant E9H,0,query_end,0.3863283975297372,0
25,Participant M5X,1,query_end,0.6917851217750841,1
25,Participant U3D,1,query_end,0.6439513021844879,1
26,Participant B6J,1,query_end,0.6861768267704671,1
26,Participant E9H,0,query_end,0.5752699687631817,0
26,Participant M5X,0,query_end,0.3586050312126067,0
26,Participant U3D,1,query_end,0.5995236271586628,1
27,Participant B6J,0,query_end,0.2199484085198143,0
27,Participant E9H,0,query_end,0.1963228581435738,0
27,Participant M5X,1,query_end,0.6415435641883223,1
27,Participant U3D,1,query_end,0.6390032599430541,1
28,Participant B6J,0,query_end,0.4161436398994679,0
28,Participant E9H,0,query_end,0.4724029579487475,1
28,Participant M5X,1,query_end,0.6775889140046115,1
28,Participant U3D,1,query_end,0.500212669295579,1
29,Participant B6J,0,query_end,0.537420237487011,1
29,Participant E9H,1,query_end,0.634863889068022,1
29,Participant M5X,0,query_end,0.464525611456982,0
29,Participant U3D,1,query_end,0.6424795784001331,1
